chart_position,base_points__inverted_chart_position,song_title,words_in_title,artist,country,last_week_position,peak_position,weeks_on_chart,key_center,song_duration,bpm,genre,release_date,chart_date,release-to-chart-days,impact_score__base_score_times_weeks_on_chart
1,50,Sky,1,Playboi Carti,United States,-,1,1,D,3:13,140,Hip-hop/rap,2020-12-25,2023-10-07,1016,50
2,49,Paint The Town Red,4,Doja Cat,United States,2,2,4,F,3:52,100,Rap,2023-08-04,2023-10-07,64,196
3,48,Wassup Gwayy,2,FamousSally & YB,United States,1,1,3,D,2:24,153,Hip-hop/rap,2023-06-15,2023-10-07,114,144
4,47,greedy,1,Tate McRae,Canada,10,4,2,F♯,2:12,111,Pop,2023-09-15,2023-10-07,22,94
5,46,My Love Mine All Mine,5,Mitski,United States,34,5,2,A½♭,2:18,114,Alternative,2023-09-15,2023-10-07,22,92
6,45,Rolex,1,Ayo & Teo,United States,-,6,1,C♯,3:59,145,Hip-hop/rap,2017-01-13,2023-10-07,2458,45
7,44,Bando (Sped Up + Reverb),5,bbygirl,United States,14,7,2,B¼♭,2:46,122,Pop,2023-04-19,2023-10-07,171,88
8,43,Ick,1,Lay Bankz,United States,29,8,2,D,1:56,138,Hip-hop/rap,2023-08-09,2023-10-07,59,86
9,42,Darkest Before Dawn,3,BashfortheWorld,United States,5,5,3,E,3:56,122,Hip-hop/rap,2020-07-10,2023-10-07,1184,126
10,41,What Was I Made For?,5,Billie Eilish,United States,6,6,4,C,3:42,78,Alternative,2023-07-13,2023-10-07,86,164
11,40,ecstacy (slowed),2,SUICIDAL-IDOL,United States,-,11,1,A,1:59,106,Dance,2023-06-06,2023-10-07,123,40
12,39,we fell in love in october,6,girl in red,Norway,-,12,1,G,3:04,130,Alternative,2018-11-21,2023-10-07,1781,39
13,38,Flex Up,2,"Lil Yachty, Future & Playboi Carti",United States,8,8,3,D,2:51,160,Hip-hop/rap,2020-05-29,2023-10-07,1226,114
14,37,Water,1,Tyla,South Africa,20,14,2,F♯,3:20,117,Pop,2023-07-28,2023-10-07,71,74
15,36,Epiphany (I'm Leaving),3,Chrisette Michele,United States,21,4,4,C,3:29,163,R&B/soul,2009-01-01,2023-10-07,5392,144
16,35,I LOVE YOU HOE,4,Odetari & 9lives,United States,4,4,4,C¼♯,2:07,152,Dance,2023-07-12,2023-10-07,87,140
17,34,Según Quién,2,Maluma & Carin Leon,Colombia,7,7,2,A,2:22,68,Pop Latino,2023-08-17,2023-10-07,51,68
18,33,Wop,1,J. Dash,United States,27,8,4,B,3:51,112,Hip-hop/rap,2010-12-16,2023-10-07,4678,132
19,32,Cruel Summer,2,Taylor Swift,United States,18,11,4,A,2:58,170,Pop,2019-08-23,2023-10-07,1506,128
20,31,Strangers,1,Kenya Grace,United Kingdom,23,20,2,D,2:53,170,Dance,2023-09-01,2023-10-07,36,62
21,30,I'm Blessed,2,Charlie Wilson (feat. T.I.),United States,16,9,4,A♭,3:29,80,R&B/soul,2017-02-17,2023-10-07,2423,120
22,29,Mama's Boy,2,Dominic Fike,United States,19,19,2,A,2:36,79,Alternative,2023-07-07,2023-10-07,92,58
23,28,SkeeYee,1,Sexyy Red,United States,9,1,4,F,2:37,83,Hip-hop/rap,2023-06-09,2023-10-07,120,112
24,27,I'll Be Around,3,Cee-Lo (feat. Timbaland),United States,12,9,4,B♭,3:41,93,Hip-hop/rap,2004-03-02,2023-10-07,7158,108
25,26,Deli,1,Ice Spice,United States,17,6,4,B♭,2:07,140,Hip-hop/rap,2023-01-20,2023-10-07,260,104
26,25,Dear Theodosia,2,Leslie Odom Jr. & Lin-Manuel Miranda,United States,-,26,1,A,3:04,107,Musicals,2015-09-25,2023-10-07,2934,25
27,24,fukumean,1,Gunna,United States,25,22,4,C♯,2:05,130,Hip-hop/rap,2023-06-16,2023-10-07,113,96
28,23,Just A Girl,3,No Doubt,United States,32,28,3,D,3:29,108,Pop,1995-10-10,2023-10-07,10224,69
29,22,September,1,"Earth, Wind & Fire",United States,3,3,2,A,3:35,126,R&B/soul,1978-11-23,2023-10-07,16389,44
30,21,GMFU,1,Odetari & 6arelyhuman,United States,28,28,3,E,2:08,126,Dance,2023-07-26,2023-10-07,73,63
31,20,Hey Daddy (Daddy's Home),4,Usher (feat. Plies),United States,15,10,3,B,3:44,96,R&B/soul,2009-12-11,2023-10-07,5048,60
32,19,Where You Are,3,"Christopher Jackson, Rachel House, et. al.",United States,42,32,3,E,3:30,118,Soundtrack,2016-11-18,2023-10-07,2514,57
33,18,Soak City (Do It),4,310babii,United States,-,33,1,D,2:04,102,Hip-hop/rap,2023-06-03,2023-10-07,126,18
34,17,Lil Boo Thang,3,Paul Russell,United States,38,34,3,C,1:54,114,Pop,2023-08-18,2023-10-07,50,51
35,16,get him back!,3,Olivia Rodrigo,United States,39,35,2,F,3:31,81,Pop,2023-08-08,2023-10-07,60,32
36,15,LALA,1,Myke Towers,United States,43,36,2,F♯,3:18,92,Latin,2023-03-23,2023-10-07,198,30
37,14,HG4,1,Rod Wave,United States,50,37,2,G,2:01,88,Rap,2023-09-14,2023-10-07,23,28
38,13,Snowfall (Sped Up),3,Øneheart & reidenshi,Russia,22,22,2,A½♭,1:51,107,Electronic,2022-06-03,2023-10-07,491,26
39,12,Chakalitos,1,Angi Fire & Tilin Insano,Dominican Republic,31,31,2,A♭,3:30,114,Reggae,2023-07-22,2023-10-07,77,24
40,11,Batallando de Este Lado,4,Raúl Beltran & Primicia de Sinaloa,Mexico,47,40,2,E♭,3:08,110,Latin,2023-09-01,2023-10-07,36,22
41,10,I Remember Everything,3,Zach Bryan (feat. Kacey Musgraves),United States,36,5,4,C,3:47,78,Country,2023-08-25,2023-10-07,43,40
42,9,Fine Line,2,Harry Styles,United Kingdom,11,11,3,D,6:18,121,Pop,2019-12-13,2023-10-07,1394,27
43,8,Jacob And The Stone,4,Emile Mosseri,United States,45,20,4,C♯,1:39,84,Soundtrack,2021-02-12,2023-10-07,967,32
44,7,MONTAGEM - PR FUNK,4,S3BZS,United States,40,40,2,A,1:02,130,Electronic,2023-05-01,2023-10-07,159,14
45,6,Looking For The Hoes (Ain't My Fault),7,Sexyy Red,United States,48,19,4,E♭,2:11,151,Hip-hop/rap,2023-06-09,2023-10-07,120,24
46,5,I Can Make It,4,CRi,Canada,-,46,1,A,4:09,128,Electronic,2023-07-14,2023-10-07,85,5
47,4,Good Loyal Thots,3,Odetari,United States,-,47,1,A♭,1:43,146,Dance,2023-03-15,2023-10-07,206,4
48,3,cardigan,1,Taylor Swift,United States,-,26,3,E♭,4:00,130,Alternative,2020-07-24,2023-10-07,1170,9
49,2,It's Getting Hot,3,NLE Choppa,United States,24,8,4,E,2:14,106,Hip-hop/rap,2023-07-27,2023-10-07,72,8
50,1,august,1,Taylor Swift,United States,-,3,3,F,4:22,90,Alternative,2020-07-24,2023-10-07,1170,3